{
  "summary": {
    "successRate": 1.0,
    "total": 189.232749125,
    "slowest": 6.326373083,
    "fastest": 6.238616584,
    "average": 6.307159873999998,
    "requestsPerSec": 0.634139706551177,
    "totalData": 108047,
    "sizePerRequest": 900,
    "sizePerSec": 570.9741072811252
  },
  "responseTimeHistogram": {
    "6.238616584": 1,
    "6.247392233899999": 0,
    "6.2561678838": 0,
    "6.2649435337": 0,
    "6.2737191836": 0,
    "6.2824948334999995": 0,
    "6.2912704834": 0,
    "6.3000461333": 12,
    "6.3088217832": 47,
    "6.3175974330999995": 56,
    "6.326373083": 4
  },
  "latencyPercentiles": {
    "p10": 6.296281292,
    "p25": 6.307656708,
    "p50": 6.308917208,
    "p75": 6.309411583,
    "p90": 6.309844583,
    "p95": 6.310985542,
    "p99": 6.326364083,
    "p99.9": 6.326373083,
    "p99.99": 6.326373083
  },
  "rps": {
    "mean": 42597.33034627093,
    "stddev": 320806.3913475505,
    "max": 2999999.999580666,
    "min": 0.15806511126559145,
    "percentiles": {
      "p10": 0.16024724226514633,
      "p25": 0.16029221054549705,
      "p50": 14.526649137844009,
      "p75": 12263.618749122765,
      "p90": 18079.09604555558,
      "p95": 22705.856980939767,
      "p99": 2999999.999580666,
      "p99.9": 2999999.999580666,
      "p99.99": 2999999.999580666
    }
  },
  "details": {
    "DNSDialup": {
      "average": 0.00086083325,
      "fastest": 0.000710042,
      "slowest": 0.001001458
    },
    "DNSLookup": {
      "average": 0.000028458,
      "fastest": 0.000013042,
      "slowest": 0.000046541
    }
  },
  "statusCodeDistribution": {
    "200": 120
  },
  "errorDistribution": {}
}