{
  "summary": {
    "successRate": 0.675,
    "total": 127.814747958,
    "slowest": 6.328926417,
    "fastest": 1.6919920419999999,
    "average": 6.249461509271603,
    "requestsPerSec": 0.9388587930356211,
    "totalData": 1306219,
    "sizePerRequest": 16126,
    "sizePerSec": 10219.626614834966
  },
  "responseTimeHistogram": {
    "1.6919920419999999": 1,
    "2.1556854795": 0,
    "2.6193789169999997": 0,
    "3.0830723545": 0,
    "3.546765792": 0,
    "4.0104592295": 0,
    "4.474152667": 0,
    "4.9378461045": 0,
    "5.401539542": 0,
    "5.8652329795": 0,
    "6.328926417": 80
  },
  "latencyPercentiles": {
    "p10": 6.2975502500000005,
    "p25": 6.30300075,
    "p50": 6.307718041,
    "p75": 6.310721917,
    "p90": 6.311413458,
    "p95": 6.3139025,
    "p99": 6.328926417,
    "p99.9": 6.328926417,
    "p99.99": 6.328926417
  },
  "rps": {
    "mean": 4516.589572453846,
    "stddev": 6679.232204032125,
    "max": 25627.226363485726,
    "min": 0.15800963377184246,
    "percentiles": {
      "p10": 0.1591096858419032,
      "p25": 0.15923458272374505,
      "p50": 38.23263233927654,
      "p75": 9854.207007019224,
      "p90": 14362.657091913297,
      "p95": 16662.87123487329,
      "p99": 25627.226363485726,
      "p99.9": 25627.226363485726,
      "p99.99": 25627.226363485726
    }
  },
  "details": {
    "DNSDialup": {
      "average": 0.0001690560987654321,
      "fastest": 0.000068125,
      "slowest": 0.000851
    },
    "DNSLookup": {
      "average": 8.947493827160493e-6,
      "fastest": 2.25e-6,
      "slowest": 0.000062459
    }
  },
  "statusCodeDistribution": {
    "200": 81
  },
  "errorDistribution": {
    "connection closed before message completed": 22,
    "operation was canceled": 17
  }
}