{
  "summary": {
    "successRate": 1.0,
    "total": 49.996297541,
    "slowest": 1.72523775,
    "fastest": 1.658954292,
    "average": 1.666471943,
    "requestsPerSec": 0.6000444327982123,
    "totalData": 26717,
    "sizePerRequest": 890,
    "sizePerSec": 534.3795703689946
  },
  "responseTimeHistogram": {
    "1.658954292": 1,
    "1.6655826378": 22,
    "1.6722109836": 4,
    "1.6788393294": 1,
    "1.6854676752": 0,
    "1.692096021": 0,
    "1.6987243668": 1,
    "1.7053527126": 0,
    "1.7119810584": 0,
    "1.7186094042": 0,
    "1.72523775": 1
  },
  "latencyPercentiles": {
    "p10": 1.6605721249999998,
    "p25": 1.661271292,
    "p50": 1.663538833,
    "p75": 1.66543525,
    "p90": 1.673213541,
    "p95": 1.6949340419999999,
    "p99": 1.72523775,
    "p99.9": 1.72523775,
    "p99.99": 1.72523775
  },
  "rps": {
    "mean": 0.6000947974869864,
    "stddev": 0.004515652634736635,
    "max": 0.6027888475713369,
    "min": 0.5796239993606748,
    "percentiles": {
      "p10": 0.599983425577863,
      "p25": 0.6004432473252633,
      "p50": 0.6011548787578129,
      "p75": 0.6019411698612389,
      "p90": 0.6026080272812707,
      "p95": 0.6027136128078703,
      "p99": 0.6027888475713369,
      "p99.9": 0.6027888475713369,
      "p99.99": 0.6027888475713369
    }
  },
  "details": {
    "DNSDialup": {
      "average": 0.000561209,
      "fastest": 0.000561209,
      "slowest": 0.000561209
    },
    "DNSLookup": {
      "average": 0.000158584,
      "fastest": 0.000158584,
      "slowest": 0.000158584
    }
  },
  "statusCodeDistribution": {
    "200": 30
  },
  "errorDistribution": {}
}