{
  "summary": {
    "successRate": 1.0,
    "total": 380.224427541,
    "slowest": 12.748814375,
    "fastest": 12.611333791,
    "average": 12.673338407591663,
    "requestsPerSec": 0.31560307888703515,
    "totalData": 152224,
    "sizePerRequest": 1268,
    "sizePerSec": 400.35302567083363
  },
  "responseTimeHistogram": {
    "12.611333791": 1,
    "12.6250818494": 7,
    "12.6388299078": 2,
    "12.652577966199999": 0,
    "12.6663260246": 44,
    "12.680074083000001": 30,
    "12.6938221414": 8,
    "12.7075701998": 16,
    "12.7213182582": 8,
    "12.735066316600001": 0,
    "12.748814375": 4
  },
  "latencyPercentiles": {
    "p10": 12.653672167,
    "p25": 12.66127025,
    "p50": 12.667395083,
    "p75": 12.69267475,
    "p90": 12.712622625,
    "p95": 12.713594708,
    "p99": 12.748792084,
    "p99.9": 12.748814375,
    "p99.99": 12.748814375
  },
  "rps": {
    "mean": null,
    "stddev": null,
    "max": null,
    "min": 0.07870498838555286,
    "percentiles": {
      "p10": 0.07920869274588237,
      "p25": 0.07931855446891894,
      "p50": 5315.614617306989,
      "p75": 28985.507247921865,
      "p90": 135593.22042004904,
      "p95": 23809533.923579406,
      "p99": null,
      "p99.9": null,
      "p99.99": null
    }
  },
  "details": {
    "DNSDialup": {
      "average": 0.000895302,
      "fastest": 0.000793166,
      "slowest": 0.001000875
    },
    "DNSLookup": {
      "average": 0.00010845825,
      "fastest": 0.000015458,
      "slowest": 0.0002
    }
  },
  "statusCodeDistribution": {
    "200": 120
  },
  "errorDistribution": {}
}