{
  "summary": {
    "successRate": 1.0,
    "total": 89.228521208,
    "slowest": 2.987747083,
    "fastest": 2.951448708,
    "average": 2.9738350985833324,
    "requestsPerSec": 0.6724307338920748,
    "totalData": 53513,
    "sizePerRequest": 891,
    "sizePerSec": 599.7297643794433
  },
  "responseTimeHistogram": {
    "2.951448708": 1,
    "2.9550785455": 0,
    "2.958708383": 0,
    "2.9623382205": 2,
    "2.965968058": 0,
    "2.9695978954999998": 6,
    "2.973227733": 21,
    "2.9768575705": 7,
    "2.980487408": 21,
    "2.9841172455": 0,
    "2.987747083": 2
  },
  "latencyPercentiles": {
    "p10": 2.96738775,
    "p25": 2.971257417,
    "p50": 2.973234417,
    "p75": 2.978354083,
    "p90": 2.979113291,
    "p95": 2.979443375,
    "p99": 2.987747083,
    "p99.9": 2.987747083,
    "p99.99": 2.987747083
  },
  "rps": {
    "mean": null,
    "stddev": null,
    "max": null,
    "min": 0.33468716153265154,
    "percentiles": {
      "p10": 0.33635911238555777,
      "p25": 0.33686772616004235,
      "p50": 37.81772800544377,
      "p75": 27272.479343870495,
      "p90": 192012.28874837863,
      "p95": 12048193.321336975,
      "p99": null,
      "p99.9": null,
      "p99.99": null
    }
  },
  "details": {
    "DNSDialup": {
      "average": 0.00028320799999999996,
      "fastest": 0.000281458,
      "slowest": 0.000284958
    },
    "DNSLookup": {
      "average": 0.0000301875,
      "fastest": 0.000029333,
      "slowest": 0.000031042
    }
  },
  "statusCodeDistribution": {
    "200": 60
  },
  "errorDistribution": {}
}