{
  "summary": {
    "successRate": 0.6333333333333333,
    "total": 31.578494083,
    "slowest": 1.6757607079999999,
    "fastest": 1.6582234169999999,
    "average": 1.6619929320000002,
    "requestsPerSec": 0.950013636532156,
    "totalData": 306230,
    "sizePerRequest": 16117,
    "sizePerSec": 9697.42253050807
  },
  "responseTimeHistogram": {
    "1.6582234169999999": 1,
    "1.6599771461": 5,
    "1.6617308752": 4,
    "1.6634846042999998": 6,
    "1.6652383333999998": 2,
    "1.6669920624999999": 0,
    "1.6687457916": 0,
    "1.6704995207": 0,
    "1.6722532497999998": 0,
    "1.6740069788999998": 0,
    "1.6757607079999999": 1
  },
  "latencyPercentiles": {
    "p10": 1.658550542,
    "p25": 1.6592501670000002,
    "p50": 1.661270542,
    "p75": 1.6632242499999998,
    "p90": 1.6649020829999999,
    "p95": 1.6757607079999999,
    "p99": 1.6757607079999999,
    "p99.9": 1.6757607079999999,
    "p99.99": 1.6757607079999999
  },
  "rps": {
    "mean": 0.6016805567196074,
    "stddev": 0.0014014258065296378,
    "max": 0.6030330752172068,
    "min": 0.5967063156352967,
    "percentiles": {
      "p10": 0.600635246973207,
      "p25": 0.6012280837550719,
      "p50": 0.6019403999042326,
      "p75": 0.6026595818134799,
      "p90": 0.6029273326649692,
      "p95": 0.6030330752172068,
      "p99": 0.6030330752172068,
      "p99.9": 0.6030330752172068,
      "p99.99": 0.6030330752172068
    }
  },
  "details": {
    "DNSDialup": {
      "average": 0.0001593135263157895,
      "fastest": 0.000137625,
      "slowest": 0.000210083
    },
    "DNSLookup": {
      "average": 0.000012348684210526318,
      "fastest": 9.25e-6,
      "slowest": 0.000023042
    }
  },
  "statusCodeDistribution": {
    "200": 19
  },
  "errorDistribution": {
    "connection closed before message completed": 3,
    "operation was canceled": 8
  }
}