{
  "summary": {
    "successRate": 1.0,
    "total": 180.10639775,
    "slowest": 6.027197333,
    "fastest": 5.990049292,
    "average": 6.003098204183332,
    "requestsPerSec": 0.3331364168600168,
    "totalData": 74861,
    "sizePerRequest": 1247,
    "sizePerSec": 415.64875504262864
  },
  "responseTimeHistogram": {
    "5.990049292": 1,
    "5.9937640961000005": 3,
    "5.9974789002": 0,
    "6.0011937043": 8,
    "6.0049085084": 31,
    "6.0086233125": 14,
    "6.0123381166000005": 2,
    "6.0160529207": 0,
    "6.0197677248": 0,
    "6.0234825289": 0,
    "6.027197333": 1
  },
  "latencyPercentiles": {
    "p10": 6.000187375,
    "p25": 6.002140875,
    "p50": 6.003644083,
    "p75": 6.005049125,
    "p90": 6.00637925,
    "p95": 6.009139958,
    "p99": 6.027197333,
    "p99.9": 6.027197333,
    "p99.99": 6.027197333
  },
  "rps": {
    "mean": 19.056073168631947,
    "stddev": 19.04852985372398,
    "max": 38.46098373581845,
    "min": 0.166637925096211,
    "percentiles": {
      "p10": 0.16725291601277747,
      "p25": 0.1673004588860697,
      "p50": 37.628229480419556,
      "p75": 37.91277582065459,
      "p90": 38.02142727951951,
      "p95": 38.067200333288234,
      "p99": 38.46098373581845,
      "p99.9": 38.46098373581845,
      "p99.99": 38.46098373581845
    }
  },
  "details": {
    "DNSDialup": {
      "average": 0.0002675415,
      "fastest": 0.000266875,
      "slowest": 0.000268208
    },
    "DNSLookup": {
      "average": 0.000028145999999999998,
      "fastest": 0.000026792,
      "slowest": 0.0000295
    }
  },
  "statusCodeDistribution": {
    "200": 60
  },
  "errorDistribution": {}
}