{
  "summary": {
    "successRate": 0.6333333333333333,
    "total": 60.228047541,
    "slowest": 3.359195791,
    "fastest": 2.9678667499999998,
    "average": 3.1691802708421055,
    "requestsPerSec": 0.9962135989740534,
    "totalData": 612489,
    "sizePerRequest": 16118,
    "sizePerSec": 10169.497850366983
  },
  "responseTimeHistogram": {
    "2.9678667499999998": 1,
    "3.0069996541": 17,
    "3.0461325581999996": 0,
    "3.0852654622999998": 0,
    "3.1243983664": 0,
    "3.1635312705": 0,
    "3.2026641745999997": 0,
    "3.2417970787": 0,
    "3.2809299828": 0,
    "3.3200628868999997": 0,
    "3.359195791": 20
  },
  "latencyPercentiles": {
    "p10": 2.971437583,
    "p25": 2.973011375,
    "p50": 3.341476709,
    "p75": 3.345388583,
    "p90": 3.348909875,
    "p95": 3.3591657919999998,
    "p99": 3.359195791,
    "p99.9": 3.359195791,
    "p99.99": 3.359195791
  },
  "rps": {
    "mean": 5871.082310923339,
    "stddev": 10353.639166646264,
    "max": 39215.68627517488,
    "min": 0.29768174019089366,
    "percentiles": {
      "p10": 0.29912424652516684,
      "p25": 0.3014952847382642,
      "p50": 38.04994054697267,
      "p75": 11331.444759533142,
      "p90": 24896.678783182928,
      "p95": 35503.79890662781,
      "p99": 39215.68627517488,
      "p99.9": 39215.68627517488,
      "p99.99": 39215.68627517488
    }
  },
  "details": {
    "DNSDialup": {
      "average": 0.0001498223421052632,
      "fastest": 0.000083875,
      "slowest": 0.000319333
    },
    "DNSLookup": {
      "average": 0.000011639184210526312,
      "fastest": 2.917e-6,
      "slowest": 0.000057458
    }
  },
  "statusCodeDistribution": {
    "200": 38
  },
  "errorDistribution": {
    "connection closed before message completed": 10,
    "operation was canceled": 12
  }
}