{
  "summary": {
    "successRate": 1.0,
    "total": 100.8150115,
    "slowest": 3.403041334,
    "fastest": 3.34790125,
    "average": 3.3604099403999994,
    "requestsPerSec": 0.29757473171542514,
    "totalData": 37415,
    "sizePerRequest": 1247,
    "sizePerSec": 371.1252862377544
  },
  "responseTimeHistogram": {
    "3.34790125": 1,
    "3.3534152584": 1,
    "3.3589292668": 12,
    "3.3644432752": 13,
    "3.3699572836000002": 2,
    "3.3754712920000003": 0,
    "3.3809853004": 0,
    "3.3864993088": 0,
    "3.3920133172": 0,
    "3.3975273256": 0,
    "3.403041334": 1
  },
  "latencyPercentiles": {
    "p10": 3.3541895,
    "p25": 3.3566186670000002,
    "p50": 3.359181959,
    "p75": 3.362097334,
    "p90": 3.365546209,
    "p95": 3.368269792,
    "p99": 3.403041334,
    "p99.9": 3.403041334,
    "p99.99": 3.403041334
  },
  "rps": {
    "mean": 0.2975820494171834,
    "stddev": 0.0008119162953748581,
    "max": 0.29869313907970796,
    "min": 0.29385459672090974,
    "percentiles": {
      "p10": 0.29725756119195523,
      "p25": 0.29743319241676436,
      "p50": 0.297697470081311,
      "p75": 0.29791871376793827,
      "p90": 0.29816382887379006,
      "p95": 0.2986513836798593,
      "p99": 0.29869313907970796,
      "p99.9": 0.29869313907970796,
      "p99.99": 0.29869313907970796
    }
  },
  "details": {
    "DNSDialup": {
      "average": 0.000521875,
      "fastest": 0.000521875,
      "slowest": 0.000521875
    },
    "DNSLookup": {
      "average": 0.000182709,
      "fastest": 0.000182709,
      "slowest": 0.000182709
    }
  },
  "statusCodeDistribution": {
    "200": 30
  },
  "errorDistribution": {}
}